xc_px,yc_px,ra_deg,dec_deg,name
155.1,157.20000000000002,161.2597614893715,-59.68136378470901,
